created_at,id_str,full_text,quote_count,reply_count,retweet_count,favorite_count,lang,user_id_str,conversation_id_str,username,tweet_url,mention_username
Mon Feb 27 02:53:28 +0000 2023,1630038377172209664,SINO YAN NASA GITNA AT YUNG NAKASALAMIN!!!! TEKA MAKAPAG START NA NGANG KILALANIN SILA üò©üò©üò©üò©,9,26,134,524,tl,3237393768,1630038377172209664,clarenxeee,https://twitter.com/clarenxeee/status/1630038377172209664,
Sat Feb 25 13:30:27 +0000 2023,1629473901888827393,bakit nasa up diliman si seulgi,114,7,634,7103,in,603555017,1629473901888827393,vicotinamide,https://twitter.com/vicotinamide/status/1629473901888827393,
Mon Feb 20 11:18:43 +0000 2023,1627628810828144641,SOBRANG SAYA KO NASA SHOWTIME NA SYA WAHAHAHAHAHAHHA https://t.co/dsaiQstWD1,188,24,208,10200,tl,95094497,1627628810828144641,ItsACsLife,https://twitter.com/ItsACsLife/status/1627628810828144641,
Sat Feb 18 13:16:39 +0000 2023,1626933714029801473,"Nasa Diyos ang awa, nakay Bongbong ang yawa.",6,0,86,568,tl,1294023960628039680,1626933714029801473,Watdahel_MarceI,https://twitter.com/Watdahel_MarceI/status/1626933714029801473,
Fri Feb 17 02:18:01 +0000 2023,1626405578997387267,Nasa UPLB Feb Fair din kami mamaya! Bandang 11:00 pm yata set namin doon. Long set. Tama ba @UPLBFebFair? üòÅ,53,4,24,410,tl,940437936,1626405578997387267,AutotelicMusic,https://twitter.com/AutotelicMusic/status/1626405578997387267,UPLBFebFair
Tue Feb 14 16:26:54 +0000 2023,1625532043844288513,WAIT ANG DALAWANG MARA NASA IISANG FRAME ü•π https://t.co/FHL71cA1tK,43,6,388,10875,tl,3255492522,1625532043844288513,AltStarMagic,https://twitter.com/AltStarMagic/status/1625532043844288513,
Sun Feb 12 06:02:31 +0000 2023,1624650135048421376,iba talaga ang glow pag nasa tamang tao ü•∞ https://t.co/PzR6yzfBB3,13,2,232,1079,tl,1435514885916422152,1624650135048421376,sunskittle,https://twitter.com/sunskittle/status/1624650135048421376,
Sat Feb 11 10:35:44 +0000 2023,1624356504735485952,ang ffresh ng nasa f2 parang bawal panget sakanila üò≠,33,7,110,1071,tl,1422405253429829632,1624356504735485952,saintnierva,https://twitter.com/saintnierva/status/1624356504735485952,
Wed Feb 08 09:02:42 +0000 2023,1623245929401954305,"Ang mga pagsubok sa buhay, nandyan lang lagi at ‚Äòdi nawawala. Pero bawat isa rito, pagkakataon para ipakita ang kakaibang kakayanan. Ang iyong galing, siguradong kikilalanin ‚Äî dahil NASA IYO ANG PANALO!  https://t.co/stsC23DcII",9,2,298,448,tl,2290564214,1623245929401954305,Puregold_PH,https://twitter.com/Puregold_PH/status/1623245929401954305,
Mon Feb 06 04:47:41 +0000 2023,1622456974062530561,bat kayo nasa school masaya ba jan.,241,12,868,2533,tl,1256802394274328577,1622456974062530561,rxqvcci,https://twitter.com/rxqvcci/status/1622456974062530561,
Mon Feb 06 03:28:30 +0000 2023,1622437050539704321,"Setelah infrastruktur riset LIPI dan BPPT, giliran stasiun observasi Lapan menjadi tumbal @brin_indonesia. Rekomendasi @NASA diabaikan.  Kenapa NASA sampai risau? Simak di https://t.co/JSPrmxFxEM https://t.co/5mniZH4qja",136,81,447,1145,in,20963426,1622437050539704321,korantempo,https://twitter.com/korantempo/status/1622437050539704321,"brin_indonesia, NASA"
Sun Feb 05 07:40:42 +0000 2023,1622138130005479431,"Nasa kasaysayan ang ABS-CBN. Wala sa prangkisa ang kanyang lakas. Palaban, hindi natitinag. Ginawa n'yo na lahat para pabagsakin, ngunit kailanman hindi uubra. Habang ginagawan n'yo ng paraan para pabagsakin, lalo lang lumalakas! ‚ù§Ô∏èüíöüíô",2,6,84,653,tl,304809176,1622138130005479431,PunchTheLies,https://twitter.com/PunchTheLies/status/1622138130005479431,
Sat Feb 04 11:56:13 +0000 2023,1621840042586152960,HOY 'YUNG KAMAY NI NI-KI NASA BEWANG NI SUNOO HAHAHAHAHAHAHAHAHAHAHAHAHAHAHAHA ANGAS TALAGA NG MATA KO GAGO,197,68,669,5465,tl,1431685854209077248,1621840042586152960,snklouv,https://twitter.com/snklouv/status/1621840042586152960,
Thu Feb 02 17:26:39 +0000 2023,1621198423386099713,@Giyu_Tomioka18 edi nasa terminal tanga ampota alangan naman nasa dagat,15,10,16,1834,tl,4892323256,1621105809173393408,_GaiaPoly,https://twitter.com/_GaiaPoly/status/1621198423386099713,Giyu_Tomioka18
Wed Feb 01 10:34:29 +0000 2023,1620732310630055936,#HOSHI Padilla: Nasa Iyo Na ang Lahat https://t.co/b0KMXJp8aK,150,6,375,1291,tl,1449405272053600261,1620732310630055936,yojhoranghae,https://twitter.com/yojhoranghae/status/1620732310630055936,
Sun Jan 29 06:08:04 +0000 2023,1619578101993709569,via NASA https://t.co/pOngCA4ivT https://t.co/LaF8HZgL6a,7,15,13,450,in,15675149,1619578101993709569,demori,https://twitter.com/demori/status/1619578101993709569,
Fri Jan 27 16:56:25 +0000 2023,1619016489960611843,@raissawriter feeling nya nasa morgue lng sya üòè https://t.co/IGZrBFCikX,24,15,67,444,tl,985983930,1618975729794056195,faye0hfaye,https://twitter.com/faye0hfaye/status/1619016489960611843,raissawriter
Fri Jan 27 10:14:55 +0000 2023,1618915448564891651,"see you bukas! nasa komiket ako, nasa otakuexpo si @allyrocero  ! ü•∞üòÅhehehehehe https://t.co/MOEZntoISw",3,1,91,1021,tl,861133947379396608,1618915448564891651,nekokonut22,https://twitter.com/nekokonut22/status/1618915448564891651,allyrocero
Sun Jan 22 12:47:18 +0000 2023,1617141857859039232,"Wala SB19 sa Pilipinas""  SB19 na nasa kani-kanilang bahay ngayon:  #WishMusicAwards @SB19Official #SB19 https://t.co/DgvkGhahdG""",62,0,346,579,tl,1192014475555041280,1617141857859039232,intoszmc,https://twitter.com/intoszmc/status/1617141857859039232,SB19Official
Fri Jan 20 01:19:34 +0000 2023,1616244008828964864,"Me habang nakapila sa OPD:  Guy 1: Kinuhanan ako ng dugo Guy 2: Bakit ikaw kinuhanan, eh ako pasyenye?! Di mo sinabing bantay ka at nasa labas naghihintay pasyente? Guy 3: Teka kausapin natin, dito ka lang. magandang halimbawa 'to ng pagiging tanga.  Tbh, natawa si kuya",87,10,85,1432,tl,272990817,1616244008828964864,gianpublico,https://twitter.com/gianpublico/status/1616244008828964864,
Tue Jan 17 15:55:25 +0000 2023,1615377257660354562,Mercury via NASA https://t.co/5lqgug9fB9,18,33,448,4596,in,822825713615175680,1615377257660354562,redditSpaceView,https://twitter.com/redditSpaceView/status/1615377257660354562,
Tue Jan 17 05:40:28 +0000 2023,1615222499960320001,"Awan Cumulonimbus di lihat dari Bumi dan dari Stasiun Luar Angkasa Internasional (ISS).  üì∏: ESA, NASA. https://t.co/reRUS9mw7E",19,28,420,2198,in,3153027710,1615222499960320001,semestasains,https://twitter.com/semestasains/status/1615222499960320001,
Wed Jan 11 05:48:35 +0000 2023,1613050217078849537,pag yung mga nasa vip standing hindi alam rap ng jikjin hampasin nyo ng teulight ha /hj,140,18,351,1998,tl,1345756738092318722,1613050217078849537,chsruka,https://twitter.com/chsruka/status/1613050217078849537,
Sun Jan 08 07:09:58 +0000 2023,1611983534490800129,"Hangga't marami ang lugmok sa kahirapan At ang hustisya ay para lang sa mayaman Habang may tatsulok at sila ang nasa tuktok Di matatapos itong gulo""  #Anakbayan https://t.co/5aVsc5Cgpz""",42,1,1524,3823,tl,151912617,1611983534490800129,anakbayan_ph,https://twitter.com/anakbayan_ph/status/1611983534490800129,
Sat Jan 07 12:18:49 +0000 2023,1611698871306186752,"ma, pa, nasa tv na kami!!!!"" https://t.co/WVVR1IQ69D""",74,4,434,1788,tl,1322905569074638848,1611698871306186752,hoonzmisoo,https://twitter.com/hoonzmisoo/status/1611698871306186752,
Tue Dec 27 14:23:09 +0000 2022,1607743894963499008,lahat na lang nasa LU ngayon,8,4,126,2292,tl,314030020,1607743894963499008,artsybeaver,https://twitter.com/artsybeaver/status/1607743894963499008,
Sat Dec 24 15:26:14 +0000 2022,1606672606903820288,"@idextratime Lu telat ETI, NASA udah gak butuh monyet percobaan lagi",22,125,88,1430,in,1258086366644060160,1606672167110086658,kang_kasur,https://twitter.com/kang_kasur/status/1606672606903820288,idextratime
Thu Dec 22 15:39:10 +0000 2022,1605951085277024256,Mwonekano wa Jiji la Dar Es Salaam kutoka International Space Station. Picha kwa hisani ya Shirika la Anga za Juu la Marekani (NASA) | üì∏ Nikon D5 https://t.co/AuJh42rG81,7,33,45,440,in,630605295,1605951085277024256,swahilitimes,https://twitter.com/swahilitimes/status/1605951085277024256,
Tue Dec 20 08:27:48 +0000 2022,1605117754021130240,"nasa diyos ang awa, nasa akin ang mwa mwa",644,32,3765,10307,tl,839452585719320576,1605117754021130240,Rechiecorpuz07,https://twitter.com/Rechiecorpuz07/status/1605117754021130240,
Sat Dec 17 12:14:31 +0000 2022,1604087644656631808,haha gusto mo yung nakikicheer ka ng ‚Äúwalang uuwi‚Äù pero nasa bahay ka naman üòÉüòÉüòÉüòÉüòÉüòÉ #joker,96,16,371,1333,tl,1491235324634492929,1604087644656631808,hosh1maoy,https://twitter.com/hosh1maoy/status/1604087644656631808,
Sat Dec 17 11:41:21 +0000 2022,1604079296553025536,OH EDI KAYO NA   anong name nung nasa baba? https://t.co/8JwmSFL361,171,28,887,4590,tl,1491235324634492929,1604079296553025536,hosh1maoy,https://twitter.com/hosh1maoy/status/1604079296553025536,
Sat Dec 17 11:30:22 +0000 2022,1604076531621711873,"TANGINA HOSHI DI MAKA SH*T"" KASI YUNG PARENTS NYA NASA ARENA AHAHAHAHHAHAHAHAHAHAHAHAHAHAHAHAHAHAHAHAH""",185,3,440,2510,tl,1402699669445103616,1604076531621711873,schoicha,https://twitter.com/schoicha/status/1604076531621711873,
Fri Dec 16 09:28:56 +0000 2022,1603683585885499392,Gantong oras bukas nasa loob na tayo ng arena AAAHHHHH,74,14,167,1297,tl,1339509098178437121,1603683585885499392,jeonghooniie,https://twitter.com/jeonghooniie/status/1603683585885499392,
Fri Dec 16 04:28:37 +0000 2022,1603608010634711042,nasa boyfriendtv na kasi kami lahat ü§≠,74,18,169,1640,tl,288586192,1603608010634711042,BOlMCCOY,https://twitter.com/BOlMCCOY/status/1603608010634711042,
Mon Dec 12 07:44:38 +0000 2022,1602207784610992129,"wala sa review yan, nasa guardian angel mo yan",7661,234,19878,54938,tl,1162264415724429312,1602207784610992129,crestieyy,https://twitter.com/crestieyy/status/1602207784610992129,
Mon Dec 12 06:32:32 +0000 2022,1602189643327602689,Tawang tawa ko sa Tawag ng Tanghalan! Waaahhhhh!!! Buti na lang nasa Cebu ako. Hahahhaha!,9,78,152,5292,tl,186712788,1602189643327602689,vicegandako,https://twitter.com/vicegandako/status/1602189643327602689,
Sat Dec 10 09:04:28 +0000 2022,1601503099679432704,jay nasa harap ang dapat panoorin hindi dyan https://t.co/LFM1pfVqfJ,48,3,278,1625,tl,1276505842611712005,1601503099679432704,bighitentace,https://twitter.com/bighitentace/status/1601503099679432704,
Tue Dec 06 00:48:35 +0000 2022,1599928756927631361,"Isang 20‚Äôs nga po dyan, yung gusto yung nasa 30‚Äôs. üòú",38,99,26,1211,tl,321291259,1599928756927631361,jawob_,https://twitter.com/jawob_/status/1599928756927631361,
Mon Dec 05 10:19:20 +0000 2022,1599710001266053121,simpleng tao lang ako dalawang bagay lng nasa isip ko haha ikaw at pera,78,2,558,1441,tl,1531701611378003968,1599710001266053121,pakekobutpinoy,https://twitter.com/pakekobutpinoy/status/1599710001266053121,
Sun Dec 04 04:50:33 +0000 2022,1599264873946701831,tanginang yan eh isang bucket nga ng chickenjoy nasa 500 mahigit na,15,0,240,2173,tl,973520808453685249,1599264873946701831,ITSYABOISATANAS,https://twitter.com/ITSYABOISATANAS/status/1599264873946701831,
Sat Dec 03 05:17:46 +0000 2022,1598909333466935296,maiiyak ka kasi masasabi mong nasa iisang bansa kayo ng enhypen pati same na kayo ng oras na 1:17 PM üò≠,7,3,111,499,tl,1300806180449603585,1598909333466935296,jungwonpopping,https://twitter.com/jungwonpopping/status/1598909333466935296,
Fri Dec 02 17:30:35 +0000 2022,1598731367013314561,@ENHYPEN_members nasa pilipinas nga kayo https://t.co/WYSWDPhdjE,30,3,64,1226,tl,1376613206500630529,1598728626002079744,lhsvibes,https://twitter.com/lhsvibes/status/1598731367013314561,ENHYPEN_members
Thu Dec 01 12:11:52 +0000 2022,1598288771375501314,Dalawang taon nang nasa tamang tao‚Äî @rosselle. üíï https://t.co/r8LGS6MnJk,0,4,1,322,tl,57885560,1598288771375501314,sosyolohija,https://twitter.com/sosyolohija/status/1598288771375501314,rosselle
Sun Nov 27 14:27:32 +0000 2022,1596873362445590528,Nasa tamang tao talaga si KD. Lalong pumopogi eh. Ang blooming nitong dalawa infernesss,7,23,245,674,tl,241780625,1596873362445590528,__foxyme__,https://twitter.com/__foxyme__/status/1596873362445590528,
Sat Nov 26 16:42:27 +0000 2022,1596544925470183424,nasa labas kasi ng Twitter https://t.co/uPn61X1XWm,25,3,344,2666,tl,2498070164,1596544925470183424,KarlMaalab,https://twitter.com/KarlMaalab/status/1596544925470183424,
Thu Nov 24 11:10:02 +0000 2022,1595736495155183616,malalaman mong nasa pinas talaga sila kasi ampanget ng lighting emi https://t.co/y9ZCCF1RrG,11,1,48,675,tl,3220520946,1595736495155183616,teemowti,https://twitter.com/teemowti/status/1595736495155183616,
Thu Nov 24 01:13:49 +0000 2022,1595586454134087680,Awkward hahahaha. Pasarap lang kasi ang ideya ng governance nung nasa kanan.,62,120,681,4790,tl,190972530,1595586454134087680,jcpunongbayan,https://twitter.com/jcpunongbayan/status/1595586454134087680,
Sun Nov 20 23:23:57 +0000 2022,1594471639135449088,"Maria Emilia, hindi ganyan yung nasa script! üò≠üò≠ @jonaxx_WP https://t.co/1MLxR9n91h",125,33,436,1391,tl,1459459880322940929,1594471639135449088,studioviii_,https://twitter.com/studioviii_/status/1594471639135449088,jonaxx_WP
Sat Nov 19 23:36:41 +0000 2022,1594112454745034752,ang unang bias ko ay si marcus TAMA LANG NA NASA TOP SPOT SYA! FEELING KO KAYA NYA MAG-JEON SOMI HANGGANG DULO!,32,6,13,404,tl,95094497,1594111996513095680,ItsACsLife,https://twitter.com/ItsACsLife/status/1594112454745034752,
Sat Nov 19 11:17:29 +0000 2022,1593926430483959808,nasa pinas nga sila https://t.co/Jd4n26dnOs,439,4,389,2168,tl,1418041835260301312,1593926430483959808,chenletonin,https://twitter.com/chenletonin/status/1593926430483959808,
Thu Nov 17 01:19:37 +0000 2022,1593051196952309761,NASA Endeavour Cockpit https://t.co/MuZH0JywtN,9,15,105,792,tl,387528421,1593051196952309761,violetpilot1,https://twitter.com/violetpilot1/status/1593051196952309761,
Wed Nov 16 04:45:31 +0000 2022,1592740627401568256,GAGI LEGIT NASA NEWS NGA ANG ROMCOM HAHAHAH,20,44,79,707,tl,1330517304233353218,1592740627401568256,yawnsedits,https://twitter.com/yawnsedits/status/1592740627401568256,
Sun Nov 13 09:38:39 +0000 2022,1591727233248661508,"Madalas nasa side namin si Ken, kaya ang dami kong pics sa kanya ü•π---üßµ  #WYAT  #WYATtour  #SB19  #WhereYouAtSB19   @SB19Official  #WYATTourLosAngeles #SB19_Ken https://t.co/WuiryWVoAT",26,10,861,1802,tl,1452204874918203396,1591727233248661508,guhitgab,https://twitter.com/guhitgab/status/1591727233248661508,SB19Official
Wed Nov 09 05:11:44 +0000 2022,1590210509961588737,"Ako habang nasa 7/11, nagkakape. May mag asawang Nakapila sa Bdo ATM... LALAKE :  2k  sa bahay, 2500 kay ‚ÑÖ¬¢*@# blah blah blah...  Saklap lang, di pa nahahawakan ang pera, bilang na bilang na.   GOlden era.  Hirap maging mahirap. Sarap maging kurap.",8,100,90,613,tl,863973813175828481,1590210509961588737,MashaMasha2022,https://twitter.com/MashaMasha2022/status/1590210509961588737,
Tue Nov 08 13:12:35 +0000 2022,1589969130798870529,"nasa top four na kami, stop the league!!!!!! https://t.co/uvlh5qzJTA",83,5,128,1143,in,1427340974582222880,1589969130798870529,jolinaxbeadlovr,https://twitter.com/jolinaxbeadlovr/status/1589969130798870529,
Mon Nov 07 01:51:34 +0000 2022,1589435358244405248,@ABSCBNNews @JervisManahan WALA TALAGANG ALAM! BOBA!!!!! Lahat yata ng mga nasa gobyerno ngayon pabobohan ang laro.,1,5,20,485,tl,206597957,1589432838101028864,thedamnbrown,https://twitter.com/thedamnbrown/status/1589435358244405248,"ABSCBNNews, JervisManahan"
Sat Nov 05 12:26:03 +0000 2022,1588870255648337921,may paganyan ganyan ka pa di mo nga makita ko in or out yung bola nasa harap mo na. https://t.co/lWLhIWGnJI,163,53,288,2166,tl,4628717173,1588870255648337921,ksmcocoo,https://twitter.com/ksmcocoo/status/1588870255648337921,
Sat Nov 05 06:13:38 +0000 2022,1588776534550401024,"walang tamang tao, nasa tao yun kung gusto nya maging tama para sayo.",13,2,195,529,tl,1056439411687096320,1588776534550401024,eatmeanthony,https://twitter.com/eatmeanthony/status/1588776534550401024,
Sat Nov 05 06:00:34 +0000 2022,1588773244601241601,"walang tamang tao, nasa tao yun kung gusto nya maging tama para sayo.",174,10,1319,4066,tl,984489285221888000,1588773244601241601,idgafahhk,https://twitter.com/idgafahhk/status/1588773244601241601,
Sat Nov 05 03:26:30 +0000 2022,1588734472689942528,LET LENI LEAD!!! CORIQUE!! üíó  Habang nasa harap si 88M! Emz HAHSKAHSJKAKSK üòÇüòÇ https://t.co/gV75d5gQTp,139,8,245,2536,in,1511648685540610052,1588734472689942528,volleybestiee,https://twitter.com/volleybestiee/status/1588734472689942528,
Fri Nov 04 17:45:42 +0000 2022,1588588308787253248,"Ma, nasa tv po ako ma. üò≠üò≠üò≠ HAHAHAH jk  @SB19Official #SB19 https://t.co/dJzsGMg7Mq",17,63,1445,4429,tl,1171944649495212033,1588588308787253248,jamesdator_,https://twitter.com/jamesdator_/status/1588588308787253248,SB19Official
Thu Nov 03 06:18:34 +0000 2022,1588053000354156545,PAG TALAGA MAY 24H BAKA HINDI NA AKO MAKALABAS NG ARENA NG NASA TAMANG PAGIISIP HAHAHAHAHAHHAHA,93,6,287,1451,tl,1339509098178437121,1588053000354156545,jeonghooniie,https://twitter.com/jeonghooniie/status/1588053000354156545,
Wed Nov 02 13:15:25 +0000 2022,1587795514858557441,Imej matahari tengah senyum yang dicerap oleh NASA minggu lepas.   Kawasan gelap itu sebenarnya kawasan yang lebih rendah suhunya tetapi melepaskan angin solar yang lebih kuat. Angin solar ini akan hasilkan aurora apabila berlanggar dengan medan magnet Bumi.  #TriviaZM https://t.co/cQPR4JOrVt,43,7,979,2390,in,1149951007,1587795514858557441,zamirmohyedin,https://twitter.com/zamirmohyedin/status/1587795514858557441,
Tue Nov 01 13:37:14 +0000 2022,1587438616460275714,GAGU 899 USD UNG TIX NI TAYLOR EDI NASA 40K YON SA PINASHAHAHQHHQHQHHH1HH1SDG!?!?@??@?@%$$!@ BOUNCE NA AKO JAN,78,2,61,779,in,3220520946,1587438616460275714,teemowti,https://twitter.com/teemowti/status/1587438616460275714,
Mon Oct 31 22:36:58 +0000 2022,1587212057531011072,Kakampink: Nanalo si BBM dahil sa fake news.  Also kakampink: Nasa Japan si BBM dahil sa socket ng kitchen.,9,52,100,564,tl,1367239457804484608,1587212057531011072,srsasot_,https://twitter.com/srsasot_/status/1587212057531011072,
Sun Oct 30 11:56:35 +0000 2022,1586688515081113600,nasa oras na naman tayo ng pangungulila HAHAHAHAHAHAHAHAHAH,32,1,209,488,tl,1206105857143926784,1586688515081113600,wicked_sabbyna,https://twitter.com/wicked_sabbyna/status/1586688515081113600,
Sun Oct 30 10:49:35 +0000 2022,1586671650640375808,"Ah shet, di pala sila nagka-intindihan kaya nagka-stampede. Îí§Î°ú Îí§Î°ú (urong, urong)"" ang sinasabi ng mga nasa harap, ang narinig ng mga nasa likod ay ""Î∞ÄÏñ¥ Î∞ÄÏñ¥ (tulak, tulak)"" :((((((( https://t.co/sDhVe0rWBO""",27,5,74,1114,tl,142724185,1586671650640375808,claribabes,https://twitter.com/claribabes/status/1586671650640375808,
Sat Oct 29 09:49:00 +0000 2022,1586294017947422720,malalaman mo talagang nasa pinas pa sila kapag yung upuan nila monoblock https://t.co/JWPm7eAz7j,17,4,111,565,tl,1414568097684484101,1586294017947422720,chaecoTXT,https://twitter.com/chaecoTXT/status/1586294017947422720,
Sat Oct 29 03:37:10 +0000 2022,1586200443306143744,Kingina baka nasa smart lahat ng soundcheck,28,6,73,463,in,1339509098178437121,1586200443306143744,jeonghooniie,https://twitter.com/jeonghooniie/status/1586200443306143744,
Sat Oct 29 02:22:46 +0000 2022,1586181720285794304,Talagang siya ang hinhanap no? Bakit kaya? Wala bang nagagawa yung nasa Palasyo? https://t.co/rchdA2iflD,42,127,177,1486,tl,64425168,1586181720285794304,jclem3,https://twitter.com/jclem3/status/1586181720285794304,
Sat Oct 29 01:05:10 +0000 2022,1586162190934867969,TAWANG TAWA AKO KAY KEN PINAPAUWI BA NAMAN YUNG MGA A'TIN NA NASA AIRPORT HSHAHAHAHAHAHAHAHAHHAHAHAHAHAHAHAHAHAHAHAHAHAHAHAHAHAHAHAHAHAHAHAüò≠üò≠üò≠  @SB19Official #SB19  #WYATTourDubai,9,8,359,1009,tl,1275595011204288512,1586162190934867969,felip_twts,https://twitter.com/felip_twts/status/1586162190934867969,SB19Official
Thu Oct 27 09:39:37 +0000 2022,1585566881150566400,anong seat kayo?? nasa bwiseat kasi ako ehh,54,24,284,953,tl,1281096374851944448,1585566881150566400,B3OMLUVS,https://twitter.com/B3OMLUVS/status/1585566881150566400,
Wed Oct 26 10:02:46 +0000 2022,1585210321089703936,"har ta kasa bacci, shine uban NASA yace shine ni sai ka Fadi ma tawa matar? kwana biyu ko baccin kirki bata Yi tana kan sallaya tana maka addu'a. Iyaye wasu baiwa ce da Allah yake bamu, wacce ko me aka baka a Duniyar Nan wlh Bai kai su ba.  Allah ka albarkaci rayuwar iyayenmu üôè""",2,16,46,289,in,3260394238,1585210318434684928,moderate_ustaz,https://twitter.com/moderate_ustaz/status/1585210321089703936,
Sat Oct 22 16:34:04 +0000 2022,1583859242515079169,@Askrlfess Gk papa lesti hamil di luar nikah dri pada hamil di luar angkasa ribet ribetin nasa,87,67,254,2274,in,2281849758,1583844526502055936,scoorpioking,https://twitter.com/scoorpioking/status/1583859242515079169,Askrlfess
Sat Oct 22 07:49:24 +0000 2022,1583727204059344898,"Pilipinas, nasa ùôÇùôçùôäùôêùôã ùòº tayo ng #FIFAWWC!   üá≥üáø üá≥üá¥ üáµüá≠ üá®üá≠  üîµ #LabanFilipinas üî¥ #ParaSaBayan ‚ö™Ô∏è #WinTheMoment üü° #BeyondGreatness https://t.co/DBTn3SbBsu",124,20,235,810,tl,390025245,1583727204059344898,PilipinasWNFT,https://twitter.com/PilipinasWNFT/status/1583727204059344898,
Fri Oct 21 15:13:17 +0000 2022,1583476525214859265,ANG LINAW TALAGA NG LIVE NI YANGYANG?? NASA KANILA ATA LAHAT NG SIGNAL SA PINAS???,147,5,352,2981,tl,1356130902024155137,1583476525214859265,flirtyyang,https://twitter.com/flirtyyang/status/1583476525214859265,
Fri Oct 21 15:00:45 +0000 2022,1583473371396046848,"@falla_adinda @dhit_ri Jgn lupa ajarkan anaknya untuk jadi orang yg asyik di tongkrongan a.k.a pergaulan Bu, ntar kawan2-nya masih pada ngomongin Kamen Rider &amp  Power Rangers eh dianya ngomongin kalau misi NASA ke bulan 1969 cuma untuk buat Soviet sibuk menghabiskan anggaran üòÅ",3,7,20,674,in,231429887,1583416860459945984,fadhlanyazid,https://twitter.com/fadhlanyazid/status/1583473371396046848,"falla_adinda, dhit_ri"
Fri Oct 21 13:07:22 +0000 2022,1583444835943735298,Nasa huli ang pagsosorry. https://t.co/NFmcqsaePm,78,191,136,649,tl,1326031824850579461,1583444835943735298,coldfacedavao,https://twitter.com/coldfacedavao/status/1583444835943735298,
Fri Oct 21 09:58:01 +0000 2022,1583397183117631489,Ang hirap ng laban pag puro pusong kampeon ang nasa mapa.,19,12,34,798,tl,981784388311511041,1583397183117631489,BrenEsports,https://twitter.com/BrenEsports/status/1583397183117631489,
Thu Oct 20 15:55:31 +0000 2022,1583124764419235840,ano yung nasa salamin... https://t.co/umV49NVrAu,2,8,11,432,tl,960558049768296448,1583124764419235840,antookeen,https://twitter.com/antookeen/status/1583124764419235840,
Thu Oct 20 13:45:31 +0000 2022,1583092049527439360,nie yg purple sm tribun pojok kyknya bawa teleskop nasa biar keliatan sampe stage üòîüôèüèº https://t.co/rwgcHF553S,149,19,497,1844,in,1454760182647439365,1583092049527439360,everyone_kwon,https://twitter.com/everyone_kwon/status/1583092049527439360,
Wed Oct 19 17:38:36 +0000 2022,1582788316252237824,ANG DAMING NASA IBANG BANSAAA!!!! Happy for u üò°,113,3,310,2744,tl,1269545655711567873,1582788316252237824,ribsrep,https://twitter.com/ribsrep/status/1582788316252237824,
Wed Oct 19 05:16:18 +0000 2022,1582601512374571009,"Gaguhan 101?! Si Joel yung nasa kanan, eh sino yung nasa kaliwa? ü§ìü§ìü§ì ~ctto~ https://t.co/Xse5np4xN5",18,81,201,1025,tl,140517029,1582601512374571009,isabelmerana,https://twitter.com/isabelmerana/status/1582601512374571009,
Tue Oct 18 15:54:01 +0000 2022,1582399610785366022,"@JarrNadjmuddean Nota tambahan, ulama¬≤ besar terdahulu yang meriwayat hadis, macam, Imam Bukhari, Imam Abu Hanifa, Imam Nasa'i masa depa hidup betul¬≤ struggle.   Ada yang kena bunuh, ada yang kena usir, sebab tak nak ikut sang penguasa dan majority rakyat masa tu.",3,2,79,582,in,849244763815518208,1582315753289658369,_c_zar,https://twitter.com/_c_zar/status/1582399610785366022,JarrNadjmuddean
Mon Oct 17 11:54:51 +0000 2022,1581977036205133824,"Bakit kaya walang GET HA!!"" na replies? Ay kasi sila pala yung nasa hot seat hahaha""",2,2,24,219,tl,946689990267830272,1581977036205133824,japtobias,https://twitter.com/japtobias/status/1581977036205133824,
Mon Oct 17 07:58:43 +0000 2022,1581917611486429186,@tanyakanrl INFO LOKER KAYAK GINI DI NASA PENGALAMAN PERNAH TIDUR DARI JAM 12 SIANG SAMPE JAM 6 PAGI,17,29,36,1737,in,588338889,1581916687489638400,Supri50_,https://twitter.com/Supri50_/status/1581917611486429186,tanyakanrl
Mon Oct 17 06:23:50 +0000 2022,1581893732248350721,"@AbudiAlsagoff Malaysian ni memang suka kena scam ke, haritu dengan mamat nasa, now dengan so called cicit nabi pulak ü§¶üèº‚Äç‚ôÄÔ∏è",0,3,132,1309,in,499543978,1581891942254010369,nurqilx,https://twitter.com/nurqilx/status/1581893732248350721,AbudiAlsagoff
Sun Oct 16 12:34:28 +0000 2022,1581624616232968192,Nasa again ü§£ü§£ü§£ü§£ü§£ https://t.co/UMwr5CrXWf,37,39,217,674,in,1476323517046140931,1581624616232968192,ronin19217435,https://twitter.com/ronin19217435/status/1581624616232968192,
Sat Oct 15 13:05:19 +0000 2022,1581269994281000961,Hahaha salamat sayo! Magaling mag laro yung nasa dp mo üòÇ,11,19,26,852,tl,39723827,1581269994281000961,davidlicauco,https://twitter.com/davidlicauco/status/1581269994281000961,
Thu Oct 13 16:01:01 +0000 2022,1580589431983312902,ngiting nasa tamang tao ü•∫ https://t.co/KjVFWIld6C,79,0,507,1535,tl,2791497587,1580589431983312902,yoonz1n004,https://twitter.com/yoonz1n004/status/1580589431983312902,
Tue Oct 11 18:25:38 +0000 2022,1579901050211139587,NASA Smash Good,0,5,24,219,tl,22429979,1579901050211139587,nycsouthpaw,https://twitter.com/nycsouthpaw/status/1579901050211139587,
Sat Oct 08 12:50:34 +0000 2022,1578729564737482752,‚ÄúWALANG UUWI‚Äù  Kami na kanina pa nasa bahay: https://t.co/UrC4qGMvC9,383,13,2165,6336,tl,1448240955094487042,1578729564737482752,mygijeog,https://twitter.com/mygijeog/status/1578729564737482752,
Sat Oct 08 02:48:19 +0000 2022,1578578004070264832,hala nasa tapat ko sebong https://t.co/DSwOlJ5f2X,5,6,77,824,tl,1210515798558535680,1578578004070264832,byuumie,https://twitter.com/byuumie/status/1578578004070264832,
Fri Oct 07 02:31:20 +0000 2022,1578211342259191808,"pag nasa pilipinas yan, lahat ng hayop kayang gawin https://t.co/zQ1KPWHiyS",31,4,209,850,tl,1300806180449603585,1578211342259191808,jungwonpopping,https://twitter.com/jungwonpopping/status/1578211342259191808,
Fri Oct 07 02:15:34 +0000 2022,1578207373931737088,nasa huli talaga ang dulo,467,47,3063,9162,tl,1384873060830875660,1578207373931737088,quevryn,https://twitter.com/quevryn/status/1578207373931737088,
Thu Oct 06 03:35:19 +0000 2022,1577865055089328132,nasa atin ang hirap nasa kteumes ang sarap. yawa üôÉ,42,11,146,548,tl,1351798465601236999,1577865055089328132,asahiflare,https://twitter.com/asahiflare/status/1577865055089328132,
Tue Oct 04 14:14:43 +0000 2022,1577301192388259841,Belum tau aja ada army yg kerja di Nasa sampe bikin fbasenya juga ü§≠,13,34,340,4425,in,1076861783824990209,1577301192388259841,RJLetsGo,https://twitter.com/RJLetsGo/status/1577301192388259841,
Tue Oct 04 04:00:42 +0000 2022,1577146667190521856,"Bakit ni isang media walang tumatalakay sa nangyaring pagpatay ka Ka Percy, takot ba kayo baka kayo ang isunod?? Kung ganyang takot kayo bakit pa kayo nasa media. Hanggang ngayon ba hahawakan ni Duterte ang leeg nyo, lumaban naman kayo para sa kasamahan nyo, mga peste!",18,80,413,2191,tl,764831203048370176,1577146667190521856,heartofemmaus,https://twitter.com/heartofemmaus/status/1577146667190521856,
Mon Oct 03 18:31:44 +0000 2022,1577003482640326656,Puro kayo Grand Prix. Eh bakit nung time ng SAFF44 asan si PNoy? Diba nasa car show? So bakit wala kayong reklamo? üòÇ üòÇ üòÇ,36,190,157,982,tl,1502146130750033920,1577003482640326656,carlabrews,https://twitter.com/carlabrews/status/1577003482640326656,
Mon Oct 03 10:34:35 +0000 2022,1576883404888342528,ang ganda ng nasa header ko.,264,20,837,2781,tl,1111575319041892352,1576883404888342528,demonyokajane,https://twitter.com/demonyokajane/status/1576883404888342528,
Sun Oct 02 13:04:39 +0000 2022,1576558783794675713,nasa kmjs ka ulit tonight ssob üò≠  gwiyomi @JoshCullen_s uwu,6,7,304,2487,in,1169311023381172224,1576558783794675713,pabilihotdog,https://twitter.com/pabilihotdog/status/1576558783794675713,JoshCullen_s
Tue Sep 27 09:28:43 +0000 2022,1574692503701200897,NASA berjaya dalam Ujian pertama Dual Asteroid Redirection Test(DART) dengan melanggar sebuah kapal angkasa saiz mesin gedegang ke arah Asteroid Dimorphos bersaiz stadium bola sepak semalam  Ujian ini adalah untuk pertahanan Bumi. Untuk mengalih arah asteroid dari menghentam bumi,3,6,139,547,in,2194068895,1574692503701200897,Marchfoward,https://twitter.com/Marchfoward/status/1574692503701200897,
Tue Sep 27 07:39:34 +0000 2022,1574665034734571521,"SLMT, inaanaks! ü•π nasa inyo talaga ang panalo! üíöüíö  #NasaIyoAngPanalo https://t.co/HaROKCp1vz",40,100,1751,2940,tl,2290564214,1574665034734571521,Puregold_PH,https://twitter.com/Puregold_PH/status/1574665034734571521,
Mon Sep 26 16:17:34 +0000 2022,1574433003790442500,Aku ingat berita troll je yang kata NASA akan hantar kapal angkasa untuk langgar asteroid tu. Rupanya betul. NASA cakap ini ujian dan misi pertahanan kali pertama yang sebegitu dalam sejarah atas alasan untuk melindungi Bumi dari perkara tak diingini seperti dilanggar asteroid.,29,14,1446,3260,in,513161948,1574433003790442500,JatIkhwan,https://twitter.com/JatIkhwan/status/1574433003790442500,
Mon Sep 26 13:51:16 +0000 2022,1574396188035403783,Takut ramai salah faham.  1. Asteroid tak akan hentam Bumi. Laluannya pun bukan ke arah Bumi.  2. NASA hanya nak buat ujian untuk memesongkan laluan asteroid supaya di masa depan Bumi dapat dilindungi daripada ancaman asteroid.  3. Asteroid itu berada sekitar 10 juta km dari Bumi,60,23,4744,6147,in,1149951007,1574396188035403783,zamirmohyedin,https://twitter.com/zamirmohyedin/status/1574396188035403783,
Mon Sep 26 11:43:11 +0000 2022,1574363952037134337,"Kapal Angkasa NASA Rempuh Asteroid Demi ‚ÄòSelamatkan‚Äô Bumi Malam Ini..  Dengan misi melindungi bumi, kapal angkasa Agensi Aeronautik dan Angkasa Lepas (NASA) akan sengaja menghentam asteriod berdiameter 160m.. https://t.co/dIW3qwWxzm",296,64,3914,6049,in,1349585522042183681,1574363952037134337,MySamudera,https://twitter.com/MySamudera/status/1574363952037134337,
Mon Sep 26 09:14:17 +0000 2022,1574326482566287360,Badan Antariksa Amerika Serikat (NASA) akan menabrakan sebuah pesawat ke asteroid dalam misi Double Asteroid Redirection Test (DART) yang akan berlangsung pada 26 September 2022 waktu 19:14 ET atau 27 September 2022 pukul 06:14 WIB. https://t.co/yXsHajbrrQ,41,12,133,722,in,1162545299614662656,1574326482566287360,catchmeupid,https://twitter.com/catchmeupid/status/1574326482566287360,
Sun Sep 25 16:52:07 +0000 2022,1574079310276591616,May isang kakampink pa na nasa katinuan. https://t.co/SS772LCPwX,51,32,201,669,tl,1451839543863234563,1574079310276591616,PaxtonDy,https://twitter.com/PaxtonDy/status/1574079310276591616,
Sun Sep 25 16:10:38 +0000 2022,1574068872537251840,"Nasa FB din ang pangulo, hindi lang sa Twitter, FYI. https://t.co/yjCrgHdKqZ",19,18,198,726,tl,1477310703333621760,1574068872537251840,theadtan,https://twitter.com/theadtan/status/1574068872537251840,
Sun Sep 25 16:00:43 +0000 2022,1574066374657179650,"Teh, bakit nasa ilalim kayo ng lamesa? Nasa bubong po ba ang baha?",30,29,24,1225,tl,70621759,1574064968231624705,kenquenito,https://twitter.com/kenquenito/status/1574066374657179650,
Sat Sep 24 02:39:50 +0000 2022,1573502438665252864,Nasa eat bulaga na yung @SB19Official !!!  #SB19 https://t.co/a78hEbtWPj,2,1,510,2052,tl,1340661583958032384,1573502438665252864,itsme_jassy,https://twitter.com/itsme_jassy/status/1573502438665252864,SB19Official
Wed Sep 21 02:54:03 +0000 2022,1572418853631840256,"INGAT kan berita tahun 2019 yg katanya Lagu2 BTS Moonchild, Mikrokosmos dan 134340 masuk playlist NASA untuk diplay di luar angkasa. Nah hari ini beritanya naik lagi dan kemarin2 ada fansbase army yg ngetweet Tentang Lirik 'Moon' by jin untuk konteks puisi NASA dan di NOTICE üò≠ü´∂",5,22,407,2350,in,1302778010957803522,1572418853631840256,chizikook_,https://twitter.com/chizikook_/status/1572418853631840256,
Mon Sep 19 06:00:13 +0000 2022,1571740926854463493,"[FEATURED CONTENT] Karakter D.O. EXO di Drama dan Film yang Selalu Jadi Si Paling Beban, 'Beban Kampung' Hingga 'Beban NASA' https://t.co/RuvxSCz1J6",27,5,338,889,in,1164796212249161734,1571740926854463493,KapanlagiKorea,https://twitter.com/KapanlagiKorea/status/1571740926854463493,
Sun Sep 18 04:11:58 +0000 2022,1571351299278635012,"Kahit ibalibag nyo si ella cruz at ihagis sa bubungan ng star mall and pakantahin si toni gonzaga ng 24 oras, nasa content pa din yan. Kami nga may prangkisa ayun laging ang huling 2 linggo.üòÇ",14,37,94,1469,tl,1643953652,1571351299278635012,KafosoMo,https://twitter.com/KafosoMo/status/1571351299278635012,
Sat Sep 17 15:25:16 +0000 2022,1571158349999411202,Two Wattpad legendary authors ang nasa WYAT Concert ü•π   SB19 WYAT IN MANILA @SB19Official #SB19‚ÄØ‚ÄØ‚ÄØ  #WYATTourManila https://t.co/CBP92hwjCB,27,1,739,1318,in,1179344216293441536,1571158349999411202,SarahnghaeSB19,https://twitter.com/SarahnghaeSB19/status/1571158349999411202,SB19Official
Sat Sep 17 13:04:43 +0000 2022,1571122983158312961,Yung Top 3 ko nasa danger zone. üò± #idolph2grandshowdown,38,38,61,651,tl,236033901,1571122983158312961,realeriksantos,https://twitter.com/realeriksantos/status/1571122983158312961,
Wed Sep 14 10:18:12 +0000 2022,1569993913863409666,"Nung bata ako gusto kong tumanda agad. Gusto ko laging nasa labas ng bahay kasama ang mga kaibigan. Ngayong matanda na ako, ayaw ko nang tumanda pa. Gusto ko sa bahay lang kasama ang pamilya.   Kulang ang oras. Ang ikli ng buhay.",15,1,137,830,tl,2491467212,1569993913863409666,theskinsensei,https://twitter.com/theskinsensei/status/1569993913863409666,
Wed Sep 14 04:47:54 +0000 2022,1569910788051312640,Nasa duty pa si @miss_svtmafia pag nalaman neto ang balita iiyak to sa duty pustahan hahahahahahhahahahahahahahhaa,61,16,75,831,tl,1289921787547881472,1569910788051312640,yupsheskitten,https://twitter.com/yupsheskitten/status/1569910788051312640,miss_svtmafia
Tue Sep 13 02:00:30 +0000 2022,1569506273338458112,"Oooh! Para bang nasa ulap, ikaw ang pinapangarap!  #BINI_IFG coming this 09.22.22 üå∏‚ù§Ô∏è‚Äçüî•  Follow BINI on @Spotify: https://t.co/HAYI0cn6Qk  #BINIfever @BINI_ph @bini_members https://t.co/LdvqY8aBP3",316,84,758,1516,tl,39723049,1569506273338458112,StarMusicPH,https://twitter.com/StarMusicPH/status/1569506273338458112,"Spotify, BINI_ph, bini_members"
Mon Sep 12 04:43:01 +0000 2022,1569184784491896832,"Ginagawa nyong isyu at katatawanan ang ‚Äúpag-iyak‚Äù ni PBBM sa Toni Talks, kasi nga sanay kayong makita ang Leni nyo na, nasa harap na ng kabaong ng asawa nya ‚Äúnakangisi‚Äù pa",20,39,148,767,tl,1142512281424715776,1569184784491896832,AninoNiAlbert,https://twitter.com/AninoNiAlbert/status/1569184784491896832,
Sun Sep 11 22:40:01 +0000 2022,1569093432391471105,wow nasa down bad https://t.co/DCvGfk5PHy,5,19,13,207,tl,108172903,1569093432391471105,bantg,https://twitter.com/bantg/status/1569093432391471105,
Sun Sep 11 06:27:22 +0000 2022,1568848657054838786,"Uganda kushirikiana na NASA watarusha satellite yao ya kwanza mwaka huu kuelekea anga la chini/Lower Earth Orbit, Satellite inaitwa PearlAfricaSat-1 itasaidia kwenye vitu kama hali ya hewa, ufuatiliaji wa mazingira, mipango miji, uchunguzi wa madini, na usimamizi wa maafa. https://t.co/WEDk3VJbKM",2,31,40,435,in,1224230001245069318,1568848657054838786,TOTTechs,https://twitter.com/TOTTechs/status/1568848657054838786,
Sat Sep 10 10:10:41 +0000 2022,1568542470371438592,"Madilim sa loob ng bar. Nasa taas ako noon at siya naman ay sumasayaw sa baba. Litaw na litaw ang kanyang ganda habang nakapikit siya at pinapasadahan ng mga daliri ang kanyang buhok."" -Logan Torrealba https://t.co/UUfTg6SKEa""",93,47,605,1815,tl,1352581586085007362,1568542470371438592,sandrealart,https://twitter.com/sandrealart/status/1568542470371438592,
Fri Sep 09 12:51:49 +0000 2022,1568220633166917632,yung utak ni jaemin nasa tds3 na HAHAHA yan ang advance magisip,104,6,369,2615,tl,982988465724772357,1568220633166917632,jenopupper,https://twitter.com/jenopupper/status/1568220633166917632,
Sun Sep 04 14:36:29 +0000 2022,1566435031811100672,GUSTO NYO YUN PARA AKONG NASA GULONG NG SASAKYAN NG ESBI HAHAHAHAHA  @SB19Official #SB19 https://t.co/sDve7ixnoI,14,23,161,596,tl,1171369797650546688,1566435031811100672,gaganotlady,https://twitter.com/gaganotlady/status/1566435031811100672,SB19Official
Sun Sep 04 09:50:20 +0000 2022,1566363020846301184,Pasukan na bukas at ito ang nasa isip ko. Haha. https://t.co/75Na3DcBaw,8,0,57,359,tl,3250470126,1566363020846301184,EnzoDeBorja,https://twitter.com/EnzoDeBorja/status/1566363020846301184,
Sat Sep 03 04:47:12 +0000 2022,1565924347541237760,Eh yung #GrowingUP nasa iwant üíô https://t.co/BDCUvJPUmJ,13,1,121,443,tl,37959322,1565924347541237760,rodmagaru,https://twitter.com/rodmagaru/status/1565924347541237760,
Thu Sep 01 11:27:27 +0000 2022,1565300299358564352,NASA SB19 ANG TV PATROL!!!!!!!,224,149,788,2959,tl,3240052616,1565300299358564352,finksinthezone,https://twitter.com/finksinthezone/status/1565300299358564352,
Mon Aug 29 11:16:54 +0000 2022,1564210478661791745,"Sekarang ini seluruh peminat astronomi dan angkasa lepas akan menumpukan ke arah Pusat Angkasa Kennedy, Florida, US  Untuk ujian penerbangan roket NASA Artemis 1. NASA Artemis adalah roket yg direka NASA untuk membawa manusia ke Bulan   Dijangka Jam 8.33 Malam waktu Malaysia",6,7,177,676,in,2194068895,1564210478661791745,Marchfoward,https://twitter.com/Marchfoward/status/1564210478661791745,
Mon Aug 29 08:41:22 +0000 2022,1564171335961841667,Artemis I  Hajatan besar NASA untuk mengirim manusia kembali ke Bulan dan menjelajah Mars. Berikut beberapa hal yang perlu kamu tahu.  Sebuah Utas üßµ https://t.co/qQOZNfi7uM,22,18,245,1046,in,1459262763897819138,1564171335961841667,huedaya,https://twitter.com/huedaya/status/1564171335961841667,
Sun Aug 28 17:21:35 +0000 2022,1563939866446286849,Nasa bangkok na silaaaa #DonBelle https://t.co/h8d9h1R9GS,0,1,284,1364,tl,1472193689007321089,1563939866446286849,justforbeIinda,https://twitter.com/justforbeIinda/status/1563939866446286849,
Fri Aug 26 18:43:38 +0000 2022,1563235738568646656,nasa kanila na yan kung tatarantaduhin nila yung taong mabuti sakanila ü§ùüèº,8,36,101,3636,tl,4086252072,1563235648928038913,shinayahdc,https://twitter.com/shinayahdc/status/1563235738568646656,
Thu Aug 25 09:55:23 +0000 2022,1562740414071066625,NASA mengeluarkan imej planet Musytari (Jupiter) yang diambil menggunakan James Webb Space Telescope baru-baru ini. Imej tersebut telah diproses oleh Ricardo Hueso dan Judy Schmidt. https://t.co/Ds4tNNpsr0,6,0,205,614,in,513161948,1562740414071066625,JatIkhwan,https://twitter.com/JatIkhwan/status/1562740414071066625,
Wed Aug 24 23:57:40 +0000 2022,1562589994543304709,Guys teka lang nasa banyo ako hahaha,6,41,70,3652,tl,1437952405283426310,1562589994543304709,MillieParfait,https://twitter.com/MillieParfait/status/1562589994543304709,
Wed Aug 24 13:26:49 +0000 2022,1562431233782468610,Ini ialah gambar terbaru Planet Musytari yang diambil NASA semalam https://t.co/rDI4LKFLA8,20,12,675,3164,in,2194068895,1562431233782468610,Marchfoward,https://twitter.com/Marchfoward/status/1562431233782468610,
Tue Aug 23 04:48:11 +0000 2022,1561938326180864000,"A Small Thread:  TENTANG DUSTA LUAR ANGKASA.  Dibalik layar pembuatan video NASA non gravity room"". ü§°  https://t.co/CFPe0zu4eB""",14,15,168,406,in,1254035776322453506,1561938326180864000,SumandoGaek,https://twitter.com/SumandoGaek/status/1561938326180864000,
Mon Aug 22 09:48:41 +0000 2022,1561651564011745280,"Sarap kutusan yung mga politikong madalas sabihin ang mga katagang ‚Äúdahil nasa gitna pa tayo ng pandemya‚Äù, pero wala naman ginagawa kundi ang pumarty.",229,455,2668,16632,tl,2577833185,1561651564011745280,agot_isidro,https://twitter.com/agot_isidro/status/1561651564011745280,
Sun Aug 21 11:09:11 +0000 2022,1561309434667667456,"Antara sebab utama kenapa manusia dah tak ke bulan sejak tamatnya Perang Dingin. Sewaktu manusia ke bulan sebanyak 6 kali, waktu itulah NASA paling banyak terima dana sebab waktu itu sains memberikan peranan untuk luaskan hegemoni US.",2,0,249,625,in,1149951007,1561309434667667456,zamirmohyedin,https://twitter.com/zamirmohyedin/status/1561309434667667456,
Sat Aug 20 13:32:04 +0000 2022,1560983005430104065,nasa isawan yarn https://t.co/bmDyfcvOBQ,51,2,84,653,in,1418041835260301312,1560983005430104065,chenletonin,https://twitter.com/chenletonin/status/1560983005430104065,
Fri Aug 19 14:33:43 +0000 2022,1560636130097496064,Ang ganda. namatai ang pink venom sa katawan q nung narinig q. para qng nasa temptation of wife na kdrama tas mabubuko q na ung pangagaliwa ng asawa q,16,3,61,321,tl,1242516034860564480,1560636130097496064,swagaf4gg0t,https://twitter.com/swagaf4gg0t/status/1560636130097496064,
Thu Aug 18 10:36:18 +0000 2022,1560213995776315393,Uliam ako job yamba nasa. Ni kama hio petition haimpatii wasi wasi. https://t.co/nxrWkXeBMX,6,31,59,312,in,437457391,1560213995776315393,Kalasinga_,https://twitter.com/Kalasinga_/status/1560213995776315393,
Wed Aug 17 11:46:45 +0000 2022,1559869337019858946,Shirika la Anga la Marekani NASA limesema linaanza majaribio ya kurushwa vyombo angani kwa lengo la Kumpeleka tena Binadamu huko Mwezini mwaka 2024. Mara ya Mwisho binadamu kufika Mwezini ilikuwa 1972 yani miaka 50 iliyopita na sasa NASA inasema safari hii Mwanamke pia atakuwepo. https://t.co/K83z6Zz9Dv,0,54,38,856,in,741669824682700800,1559869337019858946,ayubu_madenge,https://twitter.com/ayubu_madenge/status/1559869337019858946,
Mon Aug 15 06:40:10 +0000 2022,1559067408459251718,bakit parang nasa baguio lahat ng mga tao kasya pa ba kayo diyan,14,3,15,248,tl,1056280696107331585,1559067408459251718,justbryyyll,https://twitter.com/justbryyyll/status/1559067408459251718,
Sun Aug 14 13:49:08 +0000 2022,1558812972377526273,"@rhemanaence Fuhh, tengah goyang ni NASA tengah aim saya https://t.co/a4aMibzXqz",73,10,177,632,in,812982576,1558692238674501632,10pelukan,https://twitter.com/10pelukan/status/1558812972377526273,rhemanaence
Sun Aug 14 07:40:34 +0000 2022,1558720217261285377,Salamat po sa inyong lahat! ü•π Para po akong nasa ulap ngayon. ‚òÅÔ∏è‚òÅÔ∏è‚òÅÔ∏è,8,19,13,437,tl,2870877510,1558720217261285377,brynchong,https://twitter.com/brynchong/status/1558720217261285377,
Sat Aug 13 10:54:29 +0000 2022,1558406632098639873,Kuya: Yung boyfriend mo nasa labas na naman ng bahay nya  Yung bahay:  Yung boyfriend:   HAHAHAHAHAHAHAHAHAHA https://t.co/7P2Ssl6zbV,39,12,75,962,tl,1430646024935075840,1558406632098639873,bangtanxyzzz,https://twitter.com/bangtanxyzzz/status/1558406632098639873,
Sat Aug 13 08:30:07 +0000 2022,1558370302060421120,‚Äúmahika?‚Äù tapos same sila ng kantang nasa isip. üò≠ amannacayo! hahahahahahaha  #kentell #kentellverse https://t.co/pAyVaxJEkf,48,16,297,672,tl,1506072709343571973,1558370302060421120,atinMAHALIMA_,https://twitter.com/atinMAHALIMA_/status/1558370302060421120,
Fri Aug 12 14:33:58 +0000 2022,1558099476979412992,BAKIT KA LAGI NASA TWITTER?  Me: https://t.co/2QJARqp803,115,0,466,1072,tl,1056439411687096320,1558099476979412992,eatmeanthony,https://twitter.com/eatmeanthony/status/1558099476979412992,
Wed Aug 10 15:37:01 +0000 2022,1557390570334846977,di q rin alam bakit nasa braso yung bra niya https://t.co/k0wOMCtF8w,91,43,94,1377,tl,1391367232282759169,1557390570334846977,63slash8,https://twitter.com/63slash8/status/1557390570334846977,
Sat Aug 06 14:52:54 +0000 2022,1555929914875920384,NASA BABE ERA NA BA TAYO? THROWBACK MUNA OH AAAAAJAISKSJDKSKDK  #DonBelle #DonnyPangilinan #BelleMariano https://t.co/ywhBw2MOn2,36,4,236,914,in,1405354009787977730,1555929914875920384,flickerdb,https://twitter.com/flickerdb/status/1555929914875920384,
Sat Aug 06 12:46:34 +0000 2022,1555898124958601217,Ang iyong kinakailangan ay nasa'yo nang harapan. Tumingin ka lang sa Salamin.  #SalaminMusicVideo is now out on YouTube! https://t.co/NB30HBNl9N,24,45,477,1472,tl,3231931238,1555898124958601217,ChaelAdriano,https://twitter.com/ChaelAdriano/status/1555898124958601217,
Fri Aug 05 10:34:51 +0000 2022,1555502587750674434,#DonBelle nasa TV Patrol nanaman mamaya behü•πü´∂üèª https://t.co/cknNcMKc02,17,2,382,1451,tl,1397058126394781699,1555502587750674434,belledonslove,https://twitter.com/belledonslove/status/1555502587750674434,
Wed Aug 03 12:57:17 +0000 2022,1554813654864134144,si suk nung                        si suk nung   nandito sa pinas            nasa thailand https://t.co/in3By3CK1u,180,12,128,857,tl,1551569547144331264,1554813654864134144,00KY0SHI,https://twitter.com/00KY0SHI/status/1554813654864134144,
Wed Aug 03 02:58:50 +0000 2022,1554663053672972290,Sa totoo lang hangga't nasa Taiwan si Pelosi ‚Äî 'di ako mapapakali.,7,24,18,468,tl,1136240263104409600,1554663053672972290,supernegatrona,https://twitter.com/supernegatrona/status/1554663053672972290,
Tue Aug 02 04:18:24 +0000 2022,1554320686508044288,Totoo nga. Nasa mas bata ang kilig. https://t.co/gus8lDiFSV,2,13,18,505,tl,342058784,1554320686508044288,sonofchrono,https://twitter.com/sonofchrono/status/1554320686508044288,
Sun Jul 31 10:07:51 +0000 2022,1553683852853649408,yung nasa bahay ka lang pero ang draining,4,0,82,281,tl,1250515158,1553683852853649408,ynasora,https://twitter.com/ynasora/status/1553683852853649408,
Sat Jul 30 05:35:21 +0000 2022,1553252888809721857,Di naman halatang nasa happy place kayo.  #RingABelle #BelleMariano https://t.co/QiMpwUAiGS,3,0,173,698,tl,1403209824049852421,1553252888809721857,isaiditscleo,https://twitter.com/isaiditscleo/status/1553252888809721857,
Thu Jul 28 15:44:49 +0000 2022,1552681491448360960,sabi ko na natripan lang ni dara umuwi kasi nasa hometown nya ang mga dongsaeng nya HHAHAHAHA FLEX LANG NYA GERRYS https://t.co/t1b9RFqg1P,209,7,325,3015,tl,948163218161025024,1552681491448360960,woodzbin,https://twitter.com/woodzbin/status/1552681491448360960,
Wed Jul 27 07:28:14 +0000 2022,1552194134102151168,"SO SORRY kalo harus ngeluarin roket ini lagi tapi lagu MOONCHILD dari solo album MONO - RM, udah dipilih @NASA buat nemenin perjalanan misi ARTEMIS nanti tahun 2024. Dipilihnya udah sejak 2019 lalu. Selain itu ada lagu BTS lain yg dipilih NASA, mikrokosmos dan 134340 https://t.co/9sp1vwWi1H",37,23,417,1414,in,1076861783824990209,1552194134102151168,RJLetsGo,https://twitter.com/RJLetsGo/status/1552194134102151168,NASA
Wed Jul 27 01:17:24 +0000 2022,1552100809915060224,"Galaksi Messier 74. üî≠: 32 jt tc. üìè: 0,9 x Bima Sakti.  Webb mengambil foto ini dlm inframerah untuk lebih fokus pada gas panas, debu, dan bintang2 agar lebih mudah dipelajari.  Foto terakhir: Messier 74 by Hubble dlm visible light.  üì∏: NASA, ESA. https://t.co/yyES8jlVOa",12,8,173,864,in,3153027710,1552100809915060224,semestasains,https://twitter.com/semestasains/status/1552100809915060224,
Tue Jul 26 18:37:37 +0000 2022,1552000202168537089,Dementia ingekick yule mzee ashout NASA,58,43,270,1159,in,887064612482502656,1552000202168537089,The_Njomo,https://twitter.com/The_Njomo/status/1552000202168537089,
Tue Jul 26 16:33:57 +0000 2022,1551969080902447107,nasa and his struggle dalam masak memasak https://t.co/5lCfwaTDMT,133,45,316,1572,in,870125268446232576,1551969080902447107,tokyoIust,https://twitter.com/tokyoIust/status/1551969080902447107,
Tue Jul 26 15:15:08 +0000 2022,1551949246810624005,Sebenarnya debu di gurun Sahara itu sentiasa terbang dibawa angin hingga ke hutan Amazon sejak 7500 tahun yang lalu. Debu di gurun sahara mengandungi banyak kandungan fosforus. Fosforus menjadi sumber nutrien penting bagi tumbuhan di hutan Amazon. Ini disahkan oleh NASA. https://t.co/bECLgJ8y2j,3,2,147,583,in,1457752216656171014,1551949236979191809,addien90s,https://twitter.com/addien90s/status/1551949246810624005,
Mon Jul 25 12:42:14 +0000 2022,1551548378882125825,NASA CEBU NA BA SI BAMBAM CALL THAT CEBUWAKUL,79,6,189,786,in,1350679241730363394,1551548378882125825,paradiseyien,https://twitter.com/paradiseyien/status/1551548378882125825,
Sun Jul 24 07:31:00 +0000 2022,1551107665308311553,Nasa kanya na talaga ang lahat ‚ù§Ô∏è‚Äçüî•  #DanielPadilla #2Good2BeTrue https://t.co/YFCXQs8Fjl,108,13,621,1836,tl,763551860787515393,1551107665308311553,Netflix_PH,https://twitter.com/Netflix_PH/status/1551107665308311553,
Fri Jul 22 04:32:49 +0000 2022,1550338047740628992,HOYYYY OMGGG NASA TROPANG LOL NA RINüò≠  @SB19Official #STANWORLD #SB19 #WeStanEarth https://t.co/GfZoGMAdOY,27,7,423,989,tl,1356922131469144065,1550338047740628992,gcka_makajosh,https://twitter.com/gcka_makajosh/status/1550338047740628992,SB19Official
Thu Jul 21 07:08:39 +0000 2022,1550014876420304896,"Lagi mong tatandaan na dapat"" lahat ng nasa circle mo ay proud sayo. Hindi inggit sayo.""",53,2,429,1142,tl,984489285221888000,1550014876420304896,idgafahhk,https://twitter.com/idgafahhk/status/1550014876420304896,
Thu Jul 21 00:39:49 +0000 2022,1549917024419135489,"Astronot Muslim ini bernama Dr. Sheikh Muszaphar Shukor dari Malaysia. 'Tiba' di International Space Station (ISS) pada 10 Oktober 2007 dalam misi Soyuz TMA-11 bersama 2 astronot NASA lainnya.  Sebagai Muslim, ia tetap shalat walau di luar angkasa. https://t.co/eabEJZSSdR",3,12,96,616,in,103210292,1549917024419135489,AzzamIzzulhaq,https://twitter.com/AzzamIzzulhaq/status/1549917024419135489,
Wed Jul 20 10:39:38 +0000 2022,1549705585922539521,"Ang hirap ng labanan ngayon, parang mas marami ang mangmang kesa nasa ayos na pagiisip. üò∑",5,23,100,822,tl,1306551236,1549705585922539521,_juiceko,https://twitter.com/_juiceko/status/1549705585922539521,
Tue Jul 19 17:04:28 +0000 2022,1549440042812071936,THREAD NG MGA BABARDAHIN üôÇ  Yan lang nasa bookmark ko ehh.üôÇ,266,46,347,1192,tl,1429815850563895299,1549440042812071936,yezhasuperior,https://twitter.com/yezhasuperior/status/1549440042812071936,
Fri Jul 15 09:33:32 +0000 2022,1547877012768821252,dons nasa palawan ka lang pero bat ang bilis mong dumating sa singapore üò≠üò≠üò≠ https://t.co/dcxLZknw1Z,223,19,600,1923,tl,1421730317698691078,1547877012768821252,ifell4donbelle,https://twitter.com/ifell4donbelle/status/1547877012768821252,
Thu Jul 14 11:37:08 +0000 2022,1547545730394488832,"si jihyo, nasa kanayunan na",5,3,42,394,in,2585679696,1547545730394488832,match_deza,https://twitter.com/match_deza/status/1547545730394488832,
Wed Jul 13 20:57:53 +0000 2022,1547324458691854337,"Dari beberapa jam tadi aku habiskan baca tentang Misi Kepler NASA, kononnya untuk cari planet lain yang serupa macam Bumi yang mungkin manusia boleh duduki. Adalah jumpa macam Kepler 186f dan Kepler 452b. Tapi semakin manusia kaji, semakin jelas Bumi adalah sesuatu yang istimewa. https://t.co/VayLFk2N5Z",50,9,1067,2639,in,513161948,1547324458691854337,JatIkhwan,https://twitter.com/JatIkhwan/status/1547324458691854337,
Tue Jul 12 23:46:10 +0000 2022,1547004422546673664,"NASA telah keluarkan banyak imej oleh James Webb Space Telescope (JWST). Secara peribadi, imej ini paling cantik &amp  menakjubkan. Carina Nabula menampakkan landskap gunung &amp  lembah, terletak 8,600 tahun cahaya dari Bumi. Boleh lihat perbezaan ketara antara JWST &amp  HST.  #TriviaZM https://t.co/n3QD14dtBc",30,8,893,2006,in,1149951007,1547004422546673664,zamirmohyedin,https://twitter.com/zamirmohyedin/status/1547004422546673664,
Tue Jul 12 17:28:56 +0000 2022,1546909484756668416,"Masya Allah, sungguh menakjubkan!  NASA keluarkan gambar-gambar terbaru yang diambil menggunakan James Webb Space Telescope (JWST).  Mengingatkan tentang betapa kerdilnya kita dalam cekerawala yang luas ini.  It really puts things into perspective, doesn't it? https://t.co/0Op6RohxB4",12,15,245,586,in,933339131362471936,1546909484756668416,syahredzan,https://twitter.com/syahredzan/status/1546909484756668416,
Tue Jul 12 15:44:34 +0000 2022,1546883223674044416,"NASA mengeluarkan imej angkasa lepas yang diambil menggunakan James Webb Space Telescope. Dikenali sebagai 'Cosmic Cliffs', ianya adalah hujung kepada wilayah bintang dikenali sebagai NGC 3324 yang terletak di Carina Nebula. https://t.co/BeM839b03y",9,2,423,1283,in,513161948,1546883223674044416,JatIkhwan,https://twitter.com/JatIkhwan/status/1546883223674044416,
Tue Jul 12 07:31:01 +0000 2022,1546759014260047872,"[071222] üêëüí≠ (3)   tumatanda na me""  ""hahahahhahahaha""  ""nasa ganap na gulang na"" https://t.co/x7zXemLDLu""",131,0,194,1518,tl,1476585330430328839,1546759014260047872,wayvbula,https://twitter.com/wayvbula/status/1546759014260047872,
Tue Jul 12 02:28:00 +0000 2022,1546682758281326593,NASA menangis melihat ini... https://t.co/GnEEZPy8lD,1715,902,19527,51905,in,851784011231797248,1546682758281326593,jayakabajay,https://twitter.com/jayakabajay/status/1546682758281326593,
Mon Jul 11 04:29:39 +0000 2022,1546350987501133825,Di ba Baybayin for ‚ÄúKa Ba‚Äù ang nasa shirt nya  Nagkulang ng isa pang ‚ÄúBa‚Äù char,4,5,4,572,tl,37575550,1546335616899510273,AnakDalita1942,https://twitter.com/AnakDalita1942/status/1546350987501133825,
Sun Jul 10 04:44:36 +0000 2022,1545992360600866816,"HELLO, #DonBelle NASA IISANG LUGAR LANG NAMAN KAYO, ANO BA NAMAN!!!! HINDI NAMAN MAWAWALA YAN!!! https://t.co/Bur17VMMqc",10,14,546,2195,tl,1422569346061135880,1545992360600866816,donbelleishome,https://twitter.com/donbelleishome/status/1545992360600866816,
Fri Jul 08 06:57:18 +0000 2022,1545300978034872320,"july 11 - asap era (kung san nag bago ang lahat) july 15 - Belinda Pangilinan"" july 28 - akyat sa live (hello, bye) july 30 - nasa laguna si belindaü§™  #DonBelle https://t.co/j9bMqGSKWW""",11,1,265,1246,tl,1413000873840578561,1545300978034872320,dbxjai,https://twitter.com/dbxjai/status/1545300978034872320,
Fri Jul 08 04:11:53 +0000 2022,1545259351622922240,Di totoo yang tamang tao na yan nasa tao yan kung gusto niya maging tama,23,1,193,553,tl,1056439411687096320,1545259351622922240,eatmeanthony,https://twitter.com/eatmeanthony/status/1545259351622922240,
Thu Jul 07 18:35:26 +0000 2022,1545114282748432384,"Menurut penjelasan yg dikeluarkan NASA pada situs resmi mereka , garis tersebut dikenal dgnn istilah garis Terminator.  He's a 10 Begadang Maljum malam jumat Sunnah Chelsea Arafah Arawinda Putdel Natalie Jeff Sri Asih 770 Ribu Nikmir Kebal Hukum PPATK Perth Shani Bechi RIP Legend https://t.co/ZV62beV3Oe",5,8,119,933,in,1182026827784581120,1545114282748432384,bangkitb3rgerak,https://twitter.com/bangkitb3rgerak/status/1545114282748432384,
Thu Jul 07 09:45:43 +0000 2022,1544980976740478976,NASA J DAW ANG TRAUMA TANGINA JAEBEOM HAHAHAHAHAHAHAHAHAHAHAHAHAHAHAHAHAHAHAHAHAHAHAHAHAHAHAHAHAHAHAHAHAHAHAHAHAHAHAHAHAHAHAHAHAHAHAHAHAHAHAHAHAHAHAHAHAHAHAHAHAHAHAHAHAHAHAHAHAHAHAHAHAHAHAHAHAHAHAHAHA,265,13,220,1580,tl,1092090396832743424,1544980976740478976,_chickennuggot7,https://twitter.com/_chickennuggot7/status/1544980976740478976,
Thu Jul 07 09:35:17 +0000 2022,1544978350321840128,nasa stan twt ang trauma https://t.co/hYhEaeJU83,788,69,434,3425,in,1480370687475073029,1544978350321840128,jnkhotie,https://twitter.com/jnkhotie/status/1544978350321840128,
Sun Jul 03 02:14:43 +0000 2022,1543417926966841344,not milgram // GUYS BAT NASA GMA SI YANFEI https://t.co/MdK5QEArvG,153,12,417,3337,in,1539914454053179394,1543417926966841344,milgrambutpinoy,https://twitter.com/milgrambutpinoy/status/1543417926966841344,
Fri Jul 01 16:11:56 +0000 2022,1542903841599148034,wait anong nangyari nasa meeting ako!!! hahahah!,1,34,68,679,tl,29704961,1542903841599148034,BEAtoot,https://twitter.com/BEAtoot/status/1542903841599148034,
Thu Jun 30 07:53:33 +0000 2022,1542416032978968576,Akala ko nasa South Korea ang UPMBT üòÖ  üé• @alarconharold18 https://t.co/60aIjdAIpL,91,1,74,782,in,85252568,1542416032978968576,yoopeepayt,https://twitter.com/yoopeepayt/status/1542416032978968576,alarconharold18
Thu Jun 30 07:26:12 +0000 2022,1542409151392804864,"LOOK: Walang tanga sa bahay namin, kasi nasa Manila Bulletin. Hahahahaha",5,1,34,576,tl,730603255244300290,1542408798874136576,Carwyn_Candila,https://twitter.com/Carwyn_Candila/status/1542409151392804864,
Wed Jun 29 13:25:54 +0000 2022,1542137283264266242,"Hindi biro ang anim na taon, At walang sinayang na pagkakataon. Malalayo't nasa laylayan ay pinuntahan, Tanging hangarin lamang sila'y matulungan. https://t.co/7kApVK0qyc",140,29,2259,13236,tl,3191465838,1542137283264266242,JMR_Foundation,https://twitter.com/JMR_Foundation/status/1542137283264266242,
Wed Jun 29 11:06:11 +0000 2022,1542102121146744833,ppl are saying nasa passenger seat si jh PUNYETA KAYOOOOOOOOO ito ang haka hakang gusto ko,63,3,54,578,tl,1426372982948044800,1542102121146744833,feIishua,https://twitter.com/feIishua/status/1542102121146744833,
Wed Jun 29 03:41:57 +0000 2022,1541990327799558144,Sana kasingsarap nung nasa handaan sa koronasyon ng hari sa Malakanyang https://t.co/KXjK8v2WDG,5,1,180,953,tl,1033230414905716736,1541990327799558144,bulatlatcat,https://twitter.com/bulatlatcat/status/1541990327799558144,
Fri Jun 24 08:10:49 +0000 2022,1540246050224898048,"@PingkanBelight @starfess dia mau cari jodoh di planet lain kak, makanya daftar jadi staff nasaüôèüèº",5,2,26,777,in,1283700292207304704,1540236199788711936,phenomenonia,https://twitter.com/phenomenonia/status/1540246050224898048,"PingkanBelight, starfess"
Fri Jun 24 07:43:38 +0000 2022,1540239208605921281,@starfess hah... 10 tahun gue kpopan gapernah terlintas sedetik pun idol kpop jadi staff nasa................,25,7,126,2730,in,1429486330929573890,1540236199788711936,skizmiaw,https://twitter.com/skizmiaw/status/1540239208605921281,starfess
Fri Jun 24 07:36:01 +0000 2022,1540237294476873728,"@starfess Gabut njir, jd staff NASA aja kali y""""",9,1,68,1925,in,1313090457488957441,1540236199788711936,jennaerixchcj,https://twitter.com/jennaerixchcj/status/1540237294476873728,starfess
Fri Jun 24 07:31:40 +0000 2022,1540236199788711936,"-hi Guys paduka GDragon diam tidak promosi cb, bergerak jadi staff NASAüò≠ https://t.co/hnfFv9Z8jW",1536,686,2376,24830,in,1210342758029807616,1540236199788711936,starfess,https://twitter.com/starfess/status/1540236199788711936,
Wed Jun 22 09:13:38 +0000 2022,1539537081264836608,"Mreka lagi mreka lagi, dr dulu gitu2 aja prestasi Mahasewa yg modelan bginih.. Sementara yg laen dah direkrut NASA krena prestasinya, mreka2 cm mampu gunakan otaknya bwat mbikin julukan2 kgak jelas.  Mahasewa oplak apluk https://t.co/W3ORGsT58m",7,63,118,556,in,55200751,1539537081264836608,WagimanDeep212_,https://twitter.com/WagimanDeep212_/status/1539537081264836608,
Wed Jun 22 02:32:14 +0000 2022,1539436066997796864,hirap lumandi ng tiga-ibang timezone. para akong nasa graveyard shift lagi,230,32,161,3492,tl,597481585,1539436066997796864,beeyotchWP,https://twitter.com/beeyotchWP/status/1539436066997796864,
Sun Jun 19 20:05:36 +0000 2022,1538613993807433735,@idellolrence @tontonneri Kamay yan nung nasa kabilang side na  babae. https://t.co/Tib21ECIiT,24,16,31,1807,tl,124211717,1538525097639628801,racjcruz,https://twitter.com/racjcruz/status/1538613993807433735,"idellolrence, tontonneri"
Sat Jun 18 09:36:16 +0000 2022,1538093229383782400,"Ang daya ng NU, hindi ba dapat nasa VNL sila?! üò§",143,17,135,1881,tl,2519254855,1538093229383782400,AnimoLozol,https://twitter.com/AnimoLozol/status/1538093229383782400,
Thu Jun 16 22:45:05 +0000 2022,1537566964536819713,Uranus | NASA https://t.co/CuDNQgIfSk,84,77,352,4349,in,822825713615175680,1537566964536819713,redditSpaceView,https://twitter.com/redditSpaceView/status/1537566964536819713,
Tue Jun 14 12:35:02 +0000 2022,1536688663786328064,Remember nasa atin ang Momentum!!,8,7,117,1800,tl,986268635546005505,1536688663786328064,QueenHellaaa,https://twitter.com/QueenHellaaa/status/1536688663786328064,
Sun Jun 12 01:50:52 +0000 2022,1535801777303560192,"Mga kalayaang dinaranas, mahigpit na hagkan, at ang kalayaang nawala, kailangang ipaglaban.  Ang simpleng mensahe ng ating kasaysayan - higit sa lahat, nasa ating kamay ang kinabukasan ng ating bayan!  Isang ligtas at mapagbuklod na #ArawNgKalayaan, mahal kong Pilipinas! https://t.co/M4vhwLpJBn",7,34,487,3391,tl,74652075,1535801777303560192,bamaquino,https://twitter.com/bamaquino/status/1535801777303560192,
Sat Jun 11 15:02:12 +0000 2022,1535638536006692864,Eto talaga yung tawang tawa si @bellemariano02   @imJORIC  si ate @keiaaemielle  na nasa harap din at kame na nanood sayo @donnywink üòÇüòÇüòÇ Buti nalang tinuro kita na sumaliüòÇ https://t.co/kxWiMCGccV,20,4,252,1295,tl,1317273795778936832,1535638536006692864,SkyeLim__,https://twitter.com/SkyeLim__/status/1535638536006692864,"bellemariano02, imJORIC, keiaaemielle, donnywink"
Sat Jun 11 05:38:16 +0000 2022,1535496617687654400,"üì∑ Arp 273, Galaxy Rose #NASA #ESA #Hubble https://t.co/PV0i8ufhEf https://t.co/fNHbM02nLM",25,30,718,6726,lt,2811837447,1535496617687654400,maiz_julio,https://twitter.com/maiz_julio/status/1535496617687654400,
Sat Jun 11 02:47:30 +0000 2022,1535453645013020677,"Nasa panahon tayo ngayon kung kelan parang nagiging palakasan na lang ng boses ang pagtukoy sa katotohanan, aktibong pinapalaganap ang kasinungalingan, ginagawa itong ugat ng hidwaan.""  - Leni Robredo (PISAY 2022 Grad. Speech) https://t.co/0lgf4A0Uk2""",8,4,338,2219,tl,815142044641308672,1535453645013020677,dclnviv_,https://twitter.com/dclnviv_/status/1535453645013020677,
Thu Jun 09 09:28:39 +0000 2022,1534829821473468416,Hangga‚Äôt nasa loob si Galanza di mananalo UST dyan sa NU. Hahahaha. Tontahan fever.,15,10,36,540,tl,961641126259187712,1534829821473468416,VolleyPilipinas,https://twitter.com/VolleyPilipinas/status/1534829821473468416,
Wed Jun 08 13:21:16 +0000 2022,1534525971948503041,@BEAtoot @felipsuperior @superior_son Parang hindi isang tao yung nasa #BULANDancePractice at dito sa üê• hahahahaha! #RANGE üôå,9,7,254,708,tl,122441871,1534523645275811842,aidelacruz,https://twitter.com/aidelacruz/status/1534525971948503041,"BEAtoot, felipsuperior, superior_son"
Wed Jun 08 09:36:33 +0000 2022,1534469418545455104,‚Äúoh anong tinitingin tingin mo? akin yang nasa likod‚Äù   @SB19Official #KENTIN https://t.co/sRTKY3QGKj,7,1,222,880,tl,1324341611359137794,1534469418545455104,keuntinini,https://twitter.com/keuntinini/status/1534469418545455104,SB19Official
Wed Jun 08 01:06:48 +0000 2022,1534341137875742720,Ang hirap ng LDR no?  Ikaw nasa Pilipinas tapos sya nasa ibang tao. üôà,23,18,37,334,tl,1039842216,1534341137875742720,piodaldal,https://twitter.com/piodaldal/status/1534341137875742720,
Fri Jun 03 07:01:41 +0000 2022,1532618507367895040,@WhereDidUBought maraming salamat po sa inyo at sa lahat ng nasa replies ng tweet na ito. üíõ‚ú®,0,4,60,389,tl,981493465161715718,1532575091959115776,CarreLsOFC,https://twitter.com/CarreLsOFC/status/1532618507367895040,WhereDidUBought
Wed Jun 01 10:15:24 +0000 2022,1531942480597266432,@boypblo konon katanya pesawat nasa pakai mesin supra125 tahun 2005 lecet pemakainan ss lengkap minat chat.,0,7,18,541,in,1034932203111645184,1531825335528206336,jgn_sedih,https://twitter.com/jgn_sedih/status/1531942480597266432,boypblo
